Email Address,Your Impression 1,Your Impression 2,Your Impression 3,Your Impression 4,Your Impression 5,Your Impression 6,Your Impression 7,Your Impression 8,Your Impression 9,Your Impression 10,Your Impression 11,Your Impression 12,Your Impression 13,Your Impression 14,Your Impression 15,Your Impression 16,Your Impression 17,Your Impression 18,Your Impression 19,Your Impression 20,Your Impression 21,Your Impression 22,Your Impression 23,Your Impression 24,Your Impression 25,Your Impression 26,Your Impression 27,Your Impression 28,Your Impression 29,Your Impression 30
user1@example.com,user2@example.com,studentA@school.org,user3@example.com,studentB@school.org,user4@example.com,studentC@school.org,user5@example.com,user6@example.com,studentD@school.org,user7@example.com,user8@example.com,user9@example.com,studentE@school.org,user10@example.com,studentF@school.org,user11@example.com,user12@example.com,studentG@school.org,user13@example.com,user14@example.com,studentH@school.org,user15@example.com,user16@example.com,studentI@school.org,user17@example.com,member1@club.net,user18@example.com,studentJ@school.org,user19@example.com,user20@example.com
user2@example.com,user1@example.com,studentB@school.org,user4@example.com,user5@example.com,studentC@school.org,user6@example.com,user7@example.com,studentD@school.org,user8@example.com,user9@example.com,studentE@school.org,user10@example.com,user11@example.com,studentF@school.org,user12@example.com,user13@example.com,studentG@school.org,user14@example.com,user15@example.com,studentH@school.org,user16@example.com,user17@example.com,studentI@school.org,user18@example.com,user19@example.com,member1@club.net,user20@example.com,studentJ@school.org,user21@example.com,user22@example.com
studentA@school.org,user2@example.com,user3@example.com,user4@example.com,studentB@school.org,user5@example.com,studentC@school.org,user6@example.com,user7@example.com,studentD@school.org,user8@example.com,user9@example.com,studentE@school.org,user10@example.com,studentF@school.org,user11@example.com,user12@example.com,studentG@school.org,user13@example.com,user14@example.com,studentH@school.org,user15@example.com,user16@example.com,studentI@school.org,user17@example.com,member1@club.net,user18@example.com,user19@example.com,studentJ@school.org,user20@example.com,user21@example.com
user3@example.com,studentA@school.org,user1@example.com,user5@example.com,studentC@school.org,user6@example.com,studentD@school.org,user7@example.com,user8@example.com,studentE@school.org,user9@example.com,user10@example.com,studentF@school.org,user11@example.com,user12@example.com,studentG@school.org,user13@example.com,user14@example.com,studentH@school.org,user15@example.com,user16@example.com,studentI@school.org,user17@example.com,user18@example.com,studentJ@school.org,user19@example.com,member1@club.net,user20@example.com,user21@example.com,user22@example.com,user23@example.com
studentB@school.org,user1@example.com,user2@example.com,user4@example.com,user6@example.com,studentC@school.org,user7@example.com,studentD@school.org,user8@example.com,user9@example.com,studentE@school.org,user10@example.com,studentF@school.org,user11@example.com,user12@example.com,studentG@school.org,user13@example.com,user14@example.com,studentH@school.org,user15@example.com,user16@example.com,studentI@school.org,user17@example.com,user18@example.com,studentJ@school.org,user19@example.com,member1@club.net,user20@example.com,user21@example.com,user22@example.com,member2@club.net
user4@example.com,studentA@school.org,user3@example.com,studentB@school.org,user5@example.com,studentC@school.org,user7@example.com,studentD@school.org,user8@example.com,user9@example.com,studentE@school.org,user10@example.com,studentF@school.org,user11@example.com,user12@example.com,studentG@school.org,user13@example.com,user14@example.com,studentH@school.org,user15@example.com,user16@example.com,studentI@school.org,user17@example.com,user18@example.com,studentJ@school.org,user19@example.com,member1@club.net,user20@example.com,user21@example.com,user22@example.com,user23@example.com
studentC@school.org,user2@example.com,user4@example.com,user5@example.com,studentB@school.org,user6@example.com,studentD@school.org,user8@example.com,user9@example.com,studentE@school.org,user10@example.com,studentF@school.org,user11@example.com,user12@example.com,studentG@school.org,user13@example.com,user14@example.com,studentH@school.org,user15@example.com,user16@example.com,studentI@school.org,user17@example.com,user18@example.com,studentJ@school.org,user19@example.com,member1@club.net,user20@example.com,user21@example.com,user22@example.com,member2@club.net,user23@example.com
user5@example.com,user1@example.com,studentA@school.org,user3@example.com,studentB@school.org,user4@example.com,studentC@school.org,user7@example.com,studentD@school.org,user8@example.com,studentE@school.org,user9@example.com,user10@example.com,studentF@school.org,user11@example.com,user12@example.com,studentG@school.org,user13@example.com,user14@example.com,studentH@school.org,user15@example.com,user16@example.com,studentI@school.org,user17@example.com,user18@example.com,studentJ@school.org,user19@example.com,member1@club.net,user20@example.com,user21@example.com,user22@example.com
studentD@school.org,user2@example.com,user4@example.com,user6@example.com,studentC@school.org,user7@example.com,studentB@school.org,user8@example.com,user9@example.com,studentE@school.org,user10@example.com,studentF@school.org,user11@example.com,user12@example.com,studentG@school.org,user13@example.com,user14@example.com,studentH@school.org,user15@example.com,user16@example.com,studentI@school.org,user17@example.com,user18@example.com,studentJ@school.org,user19@example.com,member1@club.net,user20@example.com,user21@example.com,user22@example.com,member2@club.net,user23@example.com
user6@example.com,studentA@school.org,user3@example.com,studentB@school.org,user5@example.com,studentC@school.org,user7@example.com,studentD@school.org,user8@example.com,user9@example.com,studentE@school.org,user10@example.com,studentF@school.org,user11@example.com,user12@example.com,studentG@school.org,user13@example.com,user14@example.com,studentH@school.org,user15@example.com,user16@example.com,studentI@school.org,user17@example.com,user18@example.com,studentJ@school.org,user19@example.com,member1@club.net,user20@example.com,user21@example.com,user22@example.com,user23@example.com
studentE@school.org,user1@example.com,user2@example.com,user4@example.com,studentC@school.org,user6@example.com,studentD@school.org,user8@example.com,user9@example.com,studentB@school.org,user10@example.com,studentF@school.org,user11@example.com,user12@example.com,studentG@school.org,user13@example.com,user14@example.com,studentH@school.org,user15@example.com,user16@example.com,studentI@school.org,user17@example.com,user18@example.com,studentJ@school.org,user19@example.com,member1@club.net,user20@example.com,user21@example.com,user22@example.com,member2@club.net,user23@example.com
user7@example.com,studentA@school.org,user3@example.com,studentB@school.org,user5@example.com,studentC@school.org,user6@example.com,studentD@school.org,user8@example.com,user9@example.com,studentE@school.org,user10@example.com,studentF@school.org,user11@example.com,user12@example.com,studentG@school.org,user13@example.com,user14@example.com,studentH@school.org,user15@example.com,user16@example.com,studentI@school.org,user17@example.com,user18@example.com,studentJ@school.org,user19@example.com,member1@club.net,user20@example.com,user21@example.com,user22@example.com,user23@example.com
studentF@school.org,user2@example.com,user4@example.com,user6@example.com,studentC@school.org,user7@example.com,studentD@school.org,user8@example.com,user9@example.com,studentE@school.org,user10@example.com,studentB@school.org,user11@example.com,user12@example.com,studentG@school.org,user13@example.com,user14@example.com,studentH@school.org,user15@example.com,user16@example.com,studentI@school.org,user17@example.com,user18@example.com,studentJ@school.org,user19@example.com,member1@club.net,user20@example.com,user21@example.com,user22@example.com,member2@club.net,user23@example.com
user8@example.com,studentA@school.org,user3@example.com,studentB@school.org,user5@example.com,studentC@school.org,user7@example.com,studentD@school.org,user6@example.com,user9@example.com,studentE@school.org,user10@example.com,studentF@school.org,user11@example.com,user12@example.com,studentG@school.org,user13@example.com,user14@example.com,studentH@school.org,user15@example.com,user16@example.com,studentI@school.org,user17@example.com,user18@example.com,studentJ@school.org,user19@example.com,member1@club.net,user20@example.com,user21@example.com,user22@example.com,user23@example.com
studentG@school.org,user1@example.com,user2@example.com,user4@example.com,studentC@school.org,user6@example.com,studentD@school.org,user8@example.com,user9@example.com,studentE@school.org,user10@example.com,studentF@school.org,user11@example.com,user12@example.com,studentB@school.org,user13@example.com,user14@example.com,studentH@school.org,user15@example.com,user16@example.com,studentI@school.org,user17@example.com,user18@example.com,studentJ@school.org,user19@example.com,member1@club.net,user20@example.com,user21@example.com,user22@example.com,member2@club.net,user23@example.com
user9@example.com,studentA@school.org,user3@example.com,studentB@school.org,user5@example.com,studentC@school.org,user7@example.com,studentD@school.org,user8@example.com,user6@example.com,studentE@school.org,user10@example.com,studentF@school.org,user11@example.com,user12@example.com,studentG@school.org,user13@example.com,user14@example.com,studentH@school.org,user15@example.com,user16@example.com,studentI@school.org,user17@example.com,user18@example.com,studentJ@school.org,user19@example.com,member1@club.net,user20@example.com,user21@example.com,user22@example.com,user23@example.com
studentH@school.org,user2@example.com,user4@example.com,user6@example.com,studentC@school.org,user7@example.com,studentD@school.org,user8@example.com,user9@example.com,studentE@school.org,user10@example.com,studentF@school.org,user11@example.com,user12@example.com,studentG@school.org,user13@example.com,user14@example.com,studentB@school.org,user15@example.com,user16@example.com,studentI@school.org,user17@example.com,user18@example.com,studentJ@school.org,user19@example.com,member1@club.net,user20@example.com,user21@example.com,user22@example.com,member2@club.net,user23@example.com
user10@example.com,studentA@school.org,user3@example.com,studentB@school.org,user5@example.com,studentC@school.org,user7@example.com,studentD@school.org,user8@example.com,user9@example.com,studentE@school.org,user6@example.com,studentF@school.org,user11@example.com,user12@example.com,studentG@school.org,user13@example.com,user14@example.com,studentH@school.org,user15@example.com,user16@example.com,studentI@school.org,user17@example.com,user18@example.com,studentJ@school.org,user19@example.com,member1@club.net,user20@example.com,user21@example.com,user22@example.com,user23@example.com
studentI@school.org,user1@example.com,user2@example.com,user4@example.com,studentC@school.org,user6@example.com,studentD@school.org,user8@example.com,user9@example.com,studentE@school.org,user10@example.com,studentF@school.org,user11@example.com,user12@example.com,studentG@school.org,user13@example.com,user14@example.com,studentH@school.org,user15@example.com,user16@example.com,studentB@school.org,user17@example.com,user18@example.com,studentJ@school.org,user19@example.com,member1@club.net,user20@example.com,user21@example.com,user22@example.com,member2@club.net,user23@example.com
user11@example.com,studentA@school.org,user3@example.com,studentB@school.org,user5@example.com,studentC@school.org,user7@example.com,studentD@school.org,user8@example.com,user9@example.com,studentE@school.org,user10@example.com,studentF@school.org,user6@example.com,user12@example.com,studentG@school.org,user13@example.com,user14@example.com,studentH@school.org,user15@example.com,user16@example.com,studentI@school.org,user17@example.com,user18@example.com,studentJ@school.org,user19@example.com,member1@club.net,user20@example.com,user21@example.com,user22@example.com,user23@example.com
studentJ@school.org,user2@example.com,user4@example.com,user6@example.com,studentC@school.org,user7@example.com,studentD@school.org,user8@example.com,user9@example.com,studentE@school.org,user10@example.com,studentF@school.org,user11@example.com,user12@example.com,studentG@school.org,user13@example.com,user14@example.com,studentH@school.org,user15@example.com,user16@example.com,studentI@school.org,user17@example.com,user18@mail.com,studentB@school.org,user19@example.com,member1@club.net,user20@example.com,user21@example.com,user22@example.com,member2@club.net,user23@example.com
user12@example.com,studentA@school.org,user3@example.com,studentB@school.org,user5@example.com,studentC@school.org,user7@example.com,studentD@school.org,user8@example.com,user9@example.com,studentE@school.org,user10@example.com,studentF@school.org,user11@example.com,user6@example.com,studentG@school.org,user13@example.com,user14@example.com,studentH@school.org,user15@example.com,user16@example.com,studentI@school.org,user17@example.com,user18@example.com,studentJ@school.org,user19@example.com,member1@club.net,user20@example.com,user21@example.com,user22@example.com,user23@example.com
member1@club.net,user1@example.com,user2@example.com,user4@example.com,studentC@school.org,user6@example.com,studentD@school.org,user8@example.com,user9@example.com,studentE@school.org,user10@example.com,studentF@school.org,user11@example.com,user12@example.com,studentG@school.org,user13@example.com,user14@example.com,studentH@school.org,user15@example.com,user16@example.com,studentI@school.org,user17@example.com,user18@example.com,studentJ@school.org,user19@example.com,studentB@school.org,user20@example.com,user21@example.com,user22@example.com,member2@club.net,user23@example.com
user13@example.com,studentA@school.org,user3@example.com,studentB@school.org,user5@example.com,studentC@school.org,user7@example.com,studentD@school.org,user8@example.com,user9@example.com,studentE@school.org,user10@example.com,studentF@school.org,user11@example.com,user12@example.com,studentG@school.org,user6@example.com,user14@example.com,studentH@school.org,user15@example.com,user16@example.com,studentI@school.org,user17@example.com,user18@example.com,studentJ@school.org,user19@example.com,member1@club.net,user20@example.com,user21@example.com,user22@example.com,user23@example.com
studentB@school.org,user1@example.com,user2@example.com,user4@example.com,user6@example.com,studentC@school.org,user7@example.com,studentD@school.org,user8@example.com,user9@example.com,studentE@school.org,user10@example.com,studentF@school.org,user11@example.com,user12@example.com,studentG@school.org,user13@example.com,user14@example.com,studentH@school.org,user15@example.com,user16@example.com,studentI@school.org,user17@example.com,user18@example.com,studentJ@school.org,user19@example.com,member1@club.net,user20@example.com,user21@example.com,user22@example.com,member2@club.net
user14@example.com,studentA@school.org,user3@example.com,studentB@school.org,user5@example.com,studentC@school.org,user7@example.com,studentD@school.org,user8@example.com,user9@example.com,studentE@school.org,user10@example.com,studentF@school.org,user11@example.com,user12@example.com,studentG@school.org,user13@example.com,user6@example.com,studentH@school.org,user15@example.com,user16@example.com,studentI@school.org,user17@example.com,user18@example.com,studentJ@school.org,user19@example.com,member1@club.net,user20@example.com,user21@example.com,user22@example.com,user23@example.com
studentC@school.org,user2@example.com,user4@example.com,user6@example.com,studentB@school.org,user7@example.com,studentD@school.org,user8@example.com,user9@example.com,studentE@school.org,user10@example.com,studentF@school.org,user11@example.com,user12@example.com,studentG@school.org,user13@example.com,user14@example.com,studentH@school.org,user15@example.com,user16@example.com,studentI@school.org,user17@example.com,user18@example.com,studentJ@school.org,user19@example.com,member1@club.net,user20@example.com,user21@example.com,user22@example.com,member2@club.net,user23@example.com
user15@example.com,studentA@school.org,user3@example.com,studentB@school.org,user5@example.com,studentC@school.org,user7@example.com,studentD@school.org,user8@example.com,user9@example.com,studentE@school.org,user10@example.com,studentF@school.org,user11@example.com,user12@example.com,studentG@school.org,user13@example.com,user14@example.com,studentH@school.org,user6@example.com,user16@example.com,studentI@school.org,user17@example.com,user18@example.com,studentJ@school.org,user19@example.com,member1@club.net,user20@example.com,user21@example.com,user22@example.com,user23@example.com
studentD@school.org,user1@example.com,user2@example.com,user4@example.com,studentC@school.org,user6@example.com,studentB@school.org,user8@example.com,user9@example.com,studentE@school.org,user10@example.com,studentF@school.org,user11@example.com,user12@example.com,studentG@school.org,user13@example.com,user14@example.com,studentH@school.org,user15@example.com,user16@example.com,studentI@school.org,user17@example.com,user18@example.com,studentJ@school.org,user19@example.com,member1@club.net,user20@example.com,user21@example.com,user22@example.com,member2@club.net,user23@example.com
user16@example.com,studentA@school.org,user3@example.com,studentB@school.org,user5@example.com,studentC@school.org,user7@example.com,studentD@school.org,user8@example.com,user9@example.com,studentE@school.org,user10@example.com,studentF@school.org,user11@example.com,user12@example.com,studentG@school.org,user13@example.com,user14@example.com,studentH@school.org,user15@example.com,user6@example.com,studentI@school.org,user17@example.com,user18@example.com,studentJ@school.org,user19@example.com,member1@club.net,user20@example.com,user21@example.com,user22@example.com,user23@example.com
studentE@school.org,user2@example.com,user4@example.com,user6@example.com,studentC@school.org,user7@example.com,studentD@school.org,user8@example.com,user9@example.com,studentB@school.org,user10@example.com,studentF@school.org,user11@example.com,user12@example.com,studentG@school.org,user13@example.com,user14@example.com,studentH@school.org,user15@example.com,user16@example.com,studentI@school.org,user17@example.com,user18@example.com,studentJ@school.org,user19@example.com,member1@club.net,user20@example.com,user21@example.com,user22@example.com,member2@club.net,user23@example.com
user17@example.com,studentA@school.org,user3@example.com,studentB@school.org,user5@example.com,studentC@school.org,user7@example.com,studentD@school.org,user8@example.com,user9@example.com,studentE@school.org,user10@example.com,studentF@school.org,user11@example.com,user12@example.com,studentG@school.org,user13@example.com,user14@example.com,studentH@school.org,user15@example.com,user16@example.com,studentI@school.org,user6@example.com,user18@example.com,studentJ@school.org,user19@example.com,member1@club.net,user20@example.com,user21@example.com,user22@example.com,user23@example.com
studentF@school.org,user1@example.com,user2@example.com,user4@example.com,studentC@school.org,user6@example.com,studentD@school.org,user8@example.com,user9@example.com,studentE@school.org,user10@example.com,studentB@school.org,user11@example.com,user12@example.com,studentG@school.org,user13@example.com,user14@example.com,studentH@school.org,user15@example.com,user16@example.com,studentI@school.org,user17@example.com,user18@example.com,studentJ@school.org,user19@example.com,member1@club.net,user20@example.com,user21@example.com,user22@example.com,member2@club.net,user23@example.com
user18@example.com,studentA@school.org,user3@example.com,studentB@school.org,user5@example.com,studentC@school.org,user7@example.com,studentD@school.org,user8@example.com,user9@example.com,studentE@school.org,user10@example.com,studentF@school.org,user11@example.com,user12@example.com,studentG@school.org,user13@example.com,user14@example.com,studentH@school.org,user15@example.com,user16@example.com,studentI@school.org,user17@example.com,user6@example.com,studentJ@school.org,user19@example.com,member1@club.net,user20@example.com,user21@example.com,user22@example.com,user23@example.com
studentG@school.org,user2@example.com,user4@example.com,user6@example.com,studentC@school.org,user7@example.com,studentD@school.org,user8@example.com,user9@example.com,studentE@school.org,user10@example.com,studentF@school.org,user11@example.com,user12@example.com,studentB@school.org,user13@example.com,user14@example.com,studentH@school.org,user15@example.com,user16@example.com,studentI@school.org,user17@example.com,user18@example.com,studentJ@school.org,user19@example.com,member1@club.net,user20@example.com,user21@example.com,user22@example.com,member2@club.net,user23@example.com
user19@example.com,studentA@school.org,user3@example.com,studentB@school.org,user5@example.com,studentC@school.org,user7@example.com,studentD@school.org,user8@example.com,user9@example.com,studentE@school.org,user10@example.com,studentF@school.org,user11@example.com,user12@example.com,studentG@school.org,user13@example.com,user14@example.com,studentH@school.org,user15@example.com,user16@example.com,studentI@school.org,user17@example.com,user18@example.com,studentJ@school.org,user6@example.com,member1@club.net,user20@example.com,user21@example.com,user22@example.com,user23@example.com
studentH@school.org,user1@example.com,user2@example.com,user4@example.com,studentC@school.org,user6@example.com,studentD@school.org,user8@example.com,user9@example.com,studentE@school.org,user10@example.com,studentF@school.org,user11@example.com,user12@example.com,studentG@school.org,user13@example.com,user14@example.com,studentB@school.org,user15@example.com,user16@example.com,studentI@school.org,user17@example.com,user18@example.com,studentJ@school.org,user19@example.com,member1@club.net,user20@example.com,user21@example.com,user22@example.com,member2@club.net,user23@example.com
user20@example.com,studentA@school.org,user3@example.com,studentB@school.org,user5@example.com,studentC@school.org,user7@example.com,studentD@school.org,user8@example.com,user9@example.com,studentE@school.org,user10@example.com,studentF@school.org,user11@example.com,user12@example.com,studentG@school.org,user13@example.com,user14@example.com,studentH@school.org,user15@example.com,user16@example.com,studentI@school.org,user17@example.com,user18@example.com,studentJ@school.org,user19@example.com,member1@club.net,user6@example.com,user21@example.com,user22@example.com,user23@example.com
studentI@school.org,user2@example.com,user4@example.com,user6@example.com,studentC@school.org,user7@example.com,studentD@school.org,user8@example.com,user9@example.com,studentE@school.org,user10@example.com,studentF@school.org,user11@example.com,user12@example.com,studentG@school.org,user13@example.com,user14@example.com,studentH@school.org,user15@example.com,user16@example.com,studentB@school.org,user17@example.com,user18@example.com,studentJ@school.org,user19@example.com,member1@club.net,user20@example.com,user21@example.com,user22@example.com,member2@club.net,user23@example.com
user21@example.com,studentA@school.org,user3@example.com,studentB@school.org,user5@example.com,studentC@school.org,user7@example.com,studentD@school.org,user8@example.com,user9@example.com,studentE@school.org,user10@example.com,studentF@school.org,user11@example.com,user12@example.com,studentG@school.org,user13@example.com,user14@example.com,studentH@school.org,user15@example.com,user16@example.com,studentI@school.org,user17@example.com,user18@example.com,studentJ@school.org,user19@example.com,member1@club.net,user20@example.com,user6@example.com,user22@example.com,user23@example.com
studentJ@school.org,user1@example.com,user2@example.com,user4@example.com,studentC@school.org,user6@example.com,studentD@school.org,user8@example.com,user9@example.com,studentE@school.org,user10@example.com,studentF@school.org,user11@example.com,user12@example.com,studentG@school.org,user13@example.com,user14@example.com,studentH@school.org,user15@example.com,user16@example.com,studentI@school.org,user17@example.com,user18@example.com,studentB@school.org,user19@example.com,member1@club.net,user20@example.com,user21@example.com,user22@example.com,member2@club.net,user23@example.com
user22@example.com,studentA@school.org,user3@example.com,studentB@school.org,user5@example.com,studentC@school.org,user7@example.com,studentD@school.org,user8@example.com,user9@example.com,studentE@school.org,user10@example.com,studentF@school.org,user11@example.com,user12@example.com,studentG@school.org,user13@example.com,user14@example.com,studentH@school.org,user15@example.com,user16@example.com,studentI@school.org,user17@example.com,user18@example.com,studentJ@school.org,user19@example.com,member1@club.net,user20@example.com,user21@example.com,user6@example.com,user23@example.com
member2@club.net,user1@example.com,user2@example.com,user4@example.com,studentC@school.org,user6@example.com,studentD@school.org,user8@example.com,user9@example.com,studentE@school.org,user10@example.com,studentF@school.org,user11@example.com,user12@example.com,studentG@school.org,user13@example.com,user14@example.com,studentH@school.org,user15@example.com,user16@example.com,studentI@school.org,user17@example.com,user18@example.com,studentJ@school.org,user19@example.com,member1@club.net,user20@example.com,user21@example.com,user22@example.com,studentB@school.org,user23@example.com
user23@example.com,studentA@school.org,user3@example.com,studentB@school.org,user5@example.com,studentC@school.org,user7@example.com,studentD@school.org,user8@example.com,user9@example.com,studentE@school.org,user10@example.com,studentF@school.org,user11@example.com,user12@example.com,studentG@school.org,user13@example.com,user14@example.com,studentH@school.org,user15@example.com,user16@example.com,studentI@school.org,user17@example.com,user18@example.com,studentJ@school.org,user19@example.com,member1@club.net,user20@example.com,user21@example.com,user22@example.com,member2@club.net